SRN,Date_Time
47,"""2021-07-12  08:30:00"""
89,"""2021-07-12  08:30:00"""
137,"""2021-07-12  08:30:00"""
131,"""2021-07-12  08:30:00"""
47,"""2021-07-12  09:30:00"""
89,"""2021-07-12  09:30:00"""
137,"""2021-07-12  09:30:00"""
131,"""2021-07-12  09:30:00"""
47,"""2021-07-12  11:00:00"""
89,"""2021-07-12  11:00:00"""
137,"""2021-07-12  11:00:00"""
131,"""2021-07-12  11:00:00"""
47,"""2021-07-12  12:00:00"""
89,"""2021-07-12  12:00:00"""
137,"""2021-07-12  12:00:00"""
131,"""2021-07-12  12:00:00"""
47,"""2021-07-12  01:30:00"""
89,"""2021-07-12  01:30:00"""
137,"""2021-07-12  01:30:00"""
131,"""2021-07-12  01:30:00"""
47,"""2021-07-12  02:30:00"""
89,"""2021-07-12  02:30:00"""
137,"""2021-07-12  02:30:00"""
131,"""2021-07-12  02:30:00"""
47,"""2021-07-13 08:30:00"""
89,"""2021-07-13 08:30:00"""
137,"""2021-07-13 08:30:00"""
47,"""2021-07-13 09:30:00"""
89,"""2021-07-13 09:30:00"""
137,"""2021-07-13 09:30:00"""
47,"""2021-07-13 11:00:00"""
89,"""2021-07-13 11:00:00"""
137,"""2021-07-13 11:00:00"""
47,"""2021-07-13 12:00:00"""
89,"""2021-07-13 12:00:00"""
137,"""2021-07-13 12:00:00"""
47,"""2021-07-14 08:30:00"""
89,"""2021-07-14 08:30:00"""
131,"""2021-07-14 08:30:00"""
47,"""2021-07-14 09:30:00"""
89,"""2021-07-14 09:30:00"""
131,"""2021-07-14 09:30:00"""
47,"""2021-07-14 11:00:00"""
89,"""2021-07-14 11:00:00"""
131,"""2021-07-14 11:00:00"""
47,"""2021-07-14 12:00:00"""
89,"""2021-07-14 12:00:00"""
131,"""2021-07-14 12:00:00"""
89,"""2021-07-14 01:30:00"""
89,"""2021-07-14 02:30:00"""
